modelo,dimensao,numero_treinamentos,tempo_execucao_em_segundos,media,minimo,maximo,mediana,desvio_padrao,com_pca,normalizacao,funcao_ativacao,optimizador,eta,epocas
linearMQ,30x30,50,1.3424,94.7273,84.8485,100.0000,93.9394,3.8139,nao,zscore,na,na,NaN,200
pslog,30x30,50,4.0047,83.5152,69.6970,96.9697,84.8485,5.3428,nao,zscore,na,gd,0.010,200
pslog,30x30,50,4.0969,86.7273,72.7273,96.9697,87.8788,5.6074,nao,zscore,na,gd,0.050,200
pslog,30x30,50,5.6813,82.7879,72.7273,93.9394,84.8485,5.6257,nao,zscore,na,momentum,0.010,200
pslog,30x30,50,4.6052,83.6970,69.6970,100.0000,81.8182,7.2668,nao,zscore,na,momentum,0.050,200
pslog,30x30,50,6.2117,84.2424,72.7273,93.9394,84.8485,4.9736,nao,zscore,na,rmsprop,0.010,200
pslog,30x30,50,5.5274,79.6364,69.6970,93.9394,78.7879,5.8414,nao,zscore,na,rmsprop,0.050,200
pslog,30x30,50,7.5706,85.6364,54.5455,93.9394,87.8788,7.3417,nao,zscore,na,nesterov,0.010,200
pslog,30x30,50,7.5956,84.3636,69.6970,96.9697,84.8485,5.8196,nao,zscore,na,nesterov,0.050,200
mlp1h,30x30,50,5.5594,51.5758,27.2727,75.7576,53.0303,10.9941,nao,zscore,sigmoid,gd,0.010,200
mlp2h,30x30,50,6.9222,8.9091,0.0000,24.2424,9.0909,5.2454,nao,zscore,sigmoid,gd,0.010,200
mlp1h,30x30,50,6.7907,79.8788,54.5455,96.9697,81.8182,9.7908,nao,zscore,sigmoid,gd,0.050,200
mlp2h,30x30,50,7.0443,18.7879,0.0000,39.3939,18.1818,9.0599,nao,zscore,sigmoid,gd,0.050,200
mlp1h,30x30,50,6.8614,84.3636,69.6970,96.9697,84.8485,7.0699,nao,zscore,sigmoid,momentum,0.010,200
mlp2h,30x30,50,7.8903,30.4848,12.1212,57.5758,30.3030,10.9928,nao,zscore,sigmoid,momentum,0.010,200
mlp1h,30x30,50,7.1131,89.5758,72.7273,100.0000,90.9091,6.8764,nao,zscore,sigmoid,momentum,0.050,200
mlp2h,30x30,50,8.1414,80.3636,45.4545,93.9394,81.8182,10.1013,nao,zscore,sigmoid,momentum,0.050,200
mlp1h,30x30,50,8.4281,90.4848,72.7273,100.0000,90.9091,5.4073,nao,zscore,sigmoid,rmsprop,0.010,200
mlp2h,30x30,50,12.4429,85.5152,69.6970,96.9697,87.8788,5.9132,nao,zscore,sigmoid,rmsprop,0.010,200
mlp1h,30x30,50,9.4511,77.0909,66.6667,93.9394,75.7576,5.7808,nao,zscore,sigmoid,rmsprop,0.050,200
mlp2h,30x30,50,9.7946,73.9394,60.6061,87.8788,74.2424,6.9534,nao,zscore,sigmoid,rmsprop,0.050,200
mlp1h,30x30,50,13.3765,87.6364,69.6970,100.0000,87.8788,6.8129,nao,zscore,sigmoid,nesterov,0.010,200
mlp2h,30x30,50,13.8517,28.4848,6.0606,54.5455,27.2727,12.9001,nao,zscore,sigmoid,nesterov,0.010,200
mlp1h,30x30,50,10.9088,91.6364,78.7879,100.0000,90.9091,5.4263,nao,zscore,sigmoid,nesterov,0.050,200
mlp2h,30x30,50,15.0097,82.0000,60.6061,96.9697,81.8182,8.3811,nao,zscore,sigmoid,nesterov,0.050,200
mlp1h,30x30,50,5.7005,83.9394,66.6667,96.9697,84.8485,7.2761,nao,zscore,tanh,gd,0.010,200
mlp2h,30x30,50,7.2050,75.3333,45.4545,90.9091,77.2727,9.8338,nao,zscore,tanh,gd,0.010,200
mlp1h,30x30,50,5.6645,90.6667,75.7576,100.0000,90.9091,5.7378,nao,zscore,tanh,gd,0.050,200
mlp2h,30x30,50,7.0437,88.1818,66.6667,100.0000,87.8788,6.9061,nao,zscore,tanh,gd,0.050,200
mlp1h,30x30,50,6.2841,88.4848,75.7576,96.9697,89.3939,5.3019,nao,zscore,tanh,momentum,0.010,200
mlp2h,30x30,50,7.8248,85.7576,72.7273,100.0000,84.8485,5.8801,nao,zscore,tanh,momentum,0.010,200
mlp1h,30x30,50,6.8186,88.0000,72.7273,100.0000,89.3939,6.1209,nao,zscore,tanh,momentum,0.050,200
mlp2h,30x30,50,7.8762,85.2727,75.7576,100.0000,84.8485,5.6447,nao,zscore,tanh,momentum,0.050,200
mlp1h,30x30,50,8.2021,81.7576,66.6667,93.9394,81.8182,6.2281,nao,zscore,tanh,rmsprop,0.010,200
mlp2h,30x30,50,10.0670,78.3636,60.6061,93.9394,75.7576,7.0341,nao,zscore,tanh,rmsprop,0.010,200
mlp1h,30x30,50,7.9655,71.0303,45.4545,84.8485,72.7273,7.4770,nao,zscore,tanh,rmsprop,0.050,200
mlp2h,30x30,50,9.3114,69.6364,51.5152,84.8485,69.6970,7.4853,nao,zscore,tanh,rmsprop,0.050,200
mlp1h,30x30,50,11.9565,88.3636,75.7576,100.0000,87.8788,5.4194,nao,zscore,tanh,nesterov,0.010,200
mlp2h,30x30,50,14.7318,88.9091,72.7273,96.9697,87.8788,5.6645,nao,zscore,tanh,nesterov,0.010,200
mlp1h,30x30,50,11.3009,89.8182,66.6667,100.0000,90.9091,6.6998,nao,zscore,tanh,nesterov,0.050,200
mlp2h,30x30,50,14.5752,87.5152,72.7273,96.9697,87.8788,5.8925,nao,zscore,tanh,nesterov,0.050,200
mlp1h,30x30,50,4.7491,77.5152,48.4848,93.9394,78.7879,8.9369,nao,zscore,relu,gd,0.010,200
mlp2h,30x30,50,6.3216,59.4545,33.3333,75.7576,60.6061,9.3428,nao,zscore,relu,gd,0.010,200
mlp1h,30x30,50,5.0554,83.8182,69.6970,96.9697,83.3333,6.5541,nao,zscore,relu,gd,0.050,200
mlp2h,30x30,50,6.0369,78.6061,57.5758,93.9394,78.7879,8.1083,nao,zscore,relu,gd,0.050,200
mlp1h,30x30,50,5.4729,82.3636,72.7273,100.0000,81.8182,5.6007,nao,zscore,relu,momentum,0.010,200
mlp2h,30x30,50,6.6901,79.3333,60.6061,93.9394,78.7879,7.0255,nao,zscore,relu,momentum,0.010,200
mlp1h,30x30,50,5.4189,81.2121,63.6364,93.9394,81.8182,6.6785,nao,zscore,relu,momentum,0.050,200
mlp2h,30x30,50,6.5490,77.9394,60.6061,90.9091,78.7879,6.8184,nao,zscore,relu,momentum,0.050,200
mlp1h,30x30,50,7.1603,81.8788,63.6364,100.0000,81.8182,7.2306,nao,zscore,relu,rmsprop,0.010,200
mlp2h,30x30,50,8.3555,76.1818,51.5152,87.8788,77.2727,7.7924,nao,zscore,relu,rmsprop,0.010,200
mlp1h,30x30,50,7.0792,79.0303,60.6061,90.9091,78.7879,7.1354,nao,zscore,relu,rmsprop,0.050,200
mlp2h,30x30,50,8.3016,20.4242,0.0000,66.6667,15.1515,17.5398,nao,zscore,relu,rmsprop,0.050,200
mlp1h,30x30,50,9.6966,82.8485,69.6970,93.9394,84.8485,6.2915,nao,zscore,relu,nesterov,0.010,200
mlp2h,30x30,50,12.4518,79.5152,54.5455,93.9394,78.7879,8.8413,nao,zscore,relu,nesterov,0.010,200
mlp1h,30x30,50,9.8953,81.1515,63.6364,96.9697,81.8182,7.5551,nao,zscore,relu,nesterov,0.050,200
mlp2h,30x30,50,12.7847,76.8485,66.6667,87.8788,78.7879,6.5010,nao,zscore,relu,nesterov,0.050,200
mlp1h,30x30,50,5.3295,79.6364,63.6364,93.9394,80.3030,6.5378,nao,zscore,leakyrelu,gd,0.010,200
mlp2h,30x30,50,6.2830,58.9697,30.3030,78.7879,60.6061,11.7795,nao,zscore,leakyrelu,gd,0.010,200
mlp1h,30x30,50,5.1016,84.2424,63.6364,96.9697,84.8485,6.6785,nao,zscore,leakyrelu,gd,0.050,200
mlp2h,30x30,50,6.1755,79.3333,66.6667,96.9697,78.7879,6.5849,nao,zscore,leakyrelu,gd,0.050,200
mlp1h,30x30,50,5.8103,82.1818,63.6364,93.9394,81.8182,5.7639,nao,zscore,leakyrelu,momentum,0.010,200
mlp2h,30x30,50,7.0210,79.4545,63.6364,93.9394,78.7879,6.6020,nao,zscore,leakyrelu,momentum,0.010,200
mlp1h,30x30,50,6.3520,83.2727,60.6061,96.9697,84.8485,7.5041,nao,zscore,leakyrelu,momentum,0.050,200
mlp2h,30x30,50,7.2505,78.1818,57.5758,90.9091,78.7879,8.1450,nao,zscore,leakyrelu,momentum,0.050,200
mlp1h,30x30,50,7.5160,81.0303,66.6667,100.0000,81.8182,6.4445,nao,zscore,leakyrelu,rmsprop,0.010,200
mlp2h,30x30,50,9.0172,77.3333,60.6061,93.9394,78.7879,7.5041,nao,zscore,leakyrelu,rmsprop,0.010,200
mlp1h,30x30,50,7.6069,78.7273,63.6364,93.9394,78.7879,8.3380,nao,zscore,leakyrelu,rmsprop,0.050,200
mlp2h,30x30,50,8.7922,75.5758,33.3333,96.9697,75.7576,10.3970,nao,zscore,leakyrelu,rmsprop,0.050,200
mlp1h,30x30,50,11.2491,82.0000,66.6667,93.9394,81.8182,6.9645,nao,zscore,leakyrelu,nesterov,0.010,200
mlp2h,30x30,50,13.5615,77.8182,60.6061,87.8788,78.7879,6.6062,nao,zscore,leakyrelu,nesterov,0.010,200
mlp1h,30x30,50,10.6529,80.7273,57.5758,96.9697,81.8182,6.6436,nao,zscore,leakyrelu,nesterov,0.050,200
mlp2h,30x30,50,13.2879,79.0303,57.5758,93.9394,78.7879,7.3934,nao,zscore,leakyrelu,nesterov,0.050,200
linearMQ,30x30,50,1.0918,96.0000,84.8485,100.0000,96.9697,3.4328,nao,minmax11,na,na,NaN,200
pslog,30x30,50,3.1625,85.3939,72.7273,96.9697,84.8485,5.3962,nao,minmax11,na,gd,0.010,200
pslog,30x30,50,3.0876,90.2424,75.7576,100.0000,90.9091,5.8173,nao,minmax11,na,gd,0.050,200
pslog,30x30,50,3.5312,88.9091,78.7879,100.0000,87.8788,5.5306,nao,minmax11,na,momentum,0.010,200
pslog,30x30,50,3.5498,88.4242,75.7576,100.0000,87.8788,5.6340,nao,minmax11,na,momentum,0.050,200
pslog,30x30,50,4.7081,90.4848,75.7576,100.0000,90.9091,5.2311,nao,minmax11,na,rmsprop,0.010,200
pslog,30x30,50,4.6849,85.2727,75.7576,93.9394,84.8485,4.8210,nao,minmax11,na,rmsprop,0.050,200
pslog,30x30,50,6.4834,89.2727,75.7576,100.0000,90.9091,5.9423,nao,minmax11,na,nesterov,0.010,200
pslog,30x30,50,6.4964,87.5152,75.7576,100.0000,87.8788,5.6655,nao,minmax11,na,nesterov,0.050,200
mlp1h,30x30,50,4.9369,33.3333,15.1515,75.7576,33.3333,12.9437,nao,minmax11,sigmoid,gd,0.010,200
mlp2h,30x30,50,6.0297,5.7576,0.0000,18.1818,6.0606,4.1182,nao,minmax11,sigmoid,gd,0.010,200
mlp1h,30x30,50,5.2368,67.4545,39.3939,90.9091,66.6667,12.1028,nao,minmax11,sigmoid,gd,0.050,200
mlp2h,30x30,50,6.2433,13.9394,0.0000,33.3333,15.1515,6.7621,nao,minmax11,sigmoid,gd,0.050,200
mlp1h,30x30,50,5.5858,77.1515,54.5455,90.9091,78.7879,8.2185,nao,minmax11,sigmoid,momentum,0.010,200
mlp2h,30x30,50,6.8556,18.3636,0.0000,42.4242,18.1818,9.8224,nao,minmax11,sigmoid,momentum,0.010,200
mlp1h,30x30,50,5.7497,90.7879,78.7879,100.0000,90.9091,4.7009,nao,minmax11,sigmoid,momentum,0.050,200
mlp2h,30x30,50,6.9524,68.3030,51.5152,96.9697,66.6667,9.9135,nao,minmax11,sigmoid,momentum,0.050,200
mlp1h,30x30,50,7.3649,93.1515,66.6667,100.0000,93.9394,5.6712,nao,minmax11,sigmoid,rmsprop,0.010,200
mlp2h,30x30,50,8.7628,86.7273,69.6970,96.9697,87.8788,7.2925,nao,minmax11,sigmoid,rmsprop,0.010,200
mlp1h,30x30,50,7.5884,38.4242,15.1515,72.7273,36.3636,13.8858,nao,minmax11,sigmoid,rmsprop,0.050,200
mlp2h,30x30,50,8.4925,41.5152,15.1515,78.7879,42.4242,14.4130,nao,minmax11,sigmoid,rmsprop,0.050,200
mlp1h,30x30,50,10.1293,79.6970,54.5455,90.9091,78.7879,7.2503,nao,minmax11,sigmoid,nesterov,0.010,200
mlp2h,30x30,50,12.9237,18.9091,6.0606,54.5455,18.1818,9.3362,nao,minmax11,sigmoid,nesterov,0.010,200
mlp1h,30x30,50,10.1468,91.7576,84.8485,100.0000,92.4242,4.1540,nao,minmax11,sigmoid,nesterov,0.050,200
mlp2h,30x30,50,12.7211,66.7879,39.3939,90.9091,66.6667,13.1014,nao,minmax11,sigmoid,nesterov,0.050,200
mlp1h,30x30,50,5.2697,81.0303,57.5758,96.9697,81.8182,8.0480,nao,minmax11,tanh,gd,0.010,200
mlp2h,30x30,50,6.5955,68.6061,30.3030,93.9394,69.6970,11.3839,nao,minmax11,tanh,gd,0.010,200
mlp1h,30x30,50,5.2553,92.1818,84.8485,100.0000,90.9091,4.0651,nao,minmax11,tanh,gd,0.050,200
mlp2h,30x30,50,6.5474,86.9697,66.6667,96.9697,87.8788,7.3784,nao,minmax11,tanh,gd,0.050,200
mlp1h,30x30,50,5.8044,92.4242,78.7879,100.0000,93.9394,4.3398,nao,minmax11,tanh,momentum,0.010,200
mlp2h,30x30,50,7.2555,89.8182,69.6970,100.0000,90.9091,6.5298,nao,minmax11,tanh,momentum,0.010,200
mlp1h,30x30,50,6.0197,92.3636,78.7879,100.0000,92.4242,5.2035,nao,minmax11,tanh,momentum,0.050,200
mlp2h,30x30,50,7.6374,90.0000,75.7576,100.0000,90.9091,5.3108,nao,minmax11,tanh,momentum,0.050,200
mlp1h,30x30,50,7.9537,84.8485,69.6970,96.9697,84.8485,7.1919,nao,minmax11,tanh,rmsprop,0.010,200
mlp2h,30x30,50,9.4039,76.7879,45.4545,90.9091,78.7879,8.6496,nao,minmax11,tanh,rmsprop,0.010,200
mlp1h,30x30,50,6.9891,22.5455,6.0606,54.5455,21.2121,10.0627,nao,minmax11,tanh,rmsprop,0.050,200
mlp2h,30x30,50,8.6410,20.1212,0.0000,54.5455,18.1818,9.4994,nao,minmax11,tanh,rmsprop,0.050,200
mlp1h,30x30,50,11.5636,93.0303,78.7879,100.0000,93.9394,4.5092,nao,minmax11,tanh,nesterov,0.010,200
mlp2h,30x30,50,14.5257,90.6667,78.7879,96.9697,90.9091,4.6961,nao,minmax11,tanh,nesterov,0.010,200
mlp1h,30x30,50,11.0516,90.7879,78.7879,96.9697,90.9091,4.8578,nao,minmax11,tanh,nesterov,0.050,200
mlp2h,30x30,50,14.1644,91.4545,75.7576,100.0000,90.9091,5.3613,nao,minmax11,tanh,nesterov,0.050,200
mlp1h,30x30,50,4.8568,75.0909,42.4242,90.9091,75.7576,8.8356,nao,minmax11,relu,gd,0.010,200
mlp2h,30x30,50,5.5786,49.4545,15.1515,87.8788,48.4848,14.0468,nao,minmax11,relu,gd,0.010,200
mlp1h,30x30,50,4.6106,85.4545,72.7273,96.9697,84.8485,6.0914,nao,minmax11,relu,gd,0.050,200
mlp2h,30x30,50,5.7105,81.3939,48.4848,96.9697,81.8182,9.2038,nao,minmax11,relu,gd,0.050,200
mlp1h,30x30,50,5.3053,85.3939,69.6970,96.9697,84.8485,6.2641,nao,minmax11,relu,momentum,0.010,200
mlp2h,30x30,50,6.3515,81.2727,54.5455,93.9394,81.8182,7.5897,nao,minmax11,relu,momentum,0.010,200
mlp1h,30x30,50,5.4497,84.4242,69.6970,100.0000,84.8485,6.2736,nao,minmax11,relu,momentum,0.050,200
mlp2h,30x30,50,6.4295,75.0303,9.0909,96.9697,78.7879,17.4192,nao,minmax11,relu,momentum,0.050,200
mlp1h,30x30,50,7.0044,81.3939,69.6970,100.0000,78.7879,7.4733,nao,minmax11,relu,rmsprop,0.010,200
mlp2h,30x30,50,8.2506,67.3939,0.0000,93.9394,75.7576,22.3735,nao,minmax11,relu,rmsprop,0.010,200
mlp1h,30x30,50,7.0775,15.8788,3.0303,45.4545,15.1515,8.4512,nao,minmax11,relu,rmsprop,0.050,200
mlp2h,30x30,50,8.1701,5.1515,0.0000,36.3636,3.0303,7.3274,nao,minmax11,relu,rmsprop,0.050,200
mlp1h,30x30,50,10.0021,85.6364,69.6970,100.0000,84.8485,6.9483,nao,minmax11,relu,nesterov,0.010,200
mlp2h,30x30,50,12.2640,81.8182,63.6364,93.9394,81.8182,7.6465,nao,minmax11,relu,nesterov,0.010,200
mlp1h,30x30,50,9.7043,84.8485,69.6970,96.9697,84.8485,6.1527,nao,minmax11,relu,nesterov,0.050,200
mlp2h,30x30,50,12.5740,63.0909,0.0000,96.9697,74.2424,29.1731,nao,minmax11,relu,nesterov,0.050,200
mlp1h,30x30,50,6.7584,75.8788,45.4545,93.9394,75.7576,10.7610,nao,minmax11,leakyrelu,gd,0.010,200
mlp2h,30x30,50,8.6829,48.3030,18.1818,78.7879,48.4848,15.5653,nao,minmax11,leakyrelu,gd,0.010,200
mlp1h,30x30,50,5.8226,86.3030,69.6970,96.9697,86.3636,5.6190,nao,minmax11,leakyrelu,gd,0.050,200
mlp2h,30x30,50,6.3430,80.9697,57.5758,100.0000,81.8182,8.8938,nao,minmax11,leakyrelu,gd,0.050,200
mlp1h,30x30,50,5.7266,85.8788,69.6970,96.9697,87.8788,6.8066,nao,minmax11,leakyrelu,momentum,0.010,200
mlp2h,30x30,50,7.0715,83.0909,66.6667,96.9697,83.3333,7.5501,nao,minmax11,leakyrelu,momentum,0.010,200
mlp1h,30x30,50,5.8769,85.6970,69.6970,96.9697,84.8485,6.0618,nao,minmax11,leakyrelu,momentum,0.050,200
mlp2h,30x30,50,6.9867,77.6364,27.2727,90.9091,80.3030,11.9639,nao,minmax11,leakyrelu,momentum,0.050,200
mlp1h,30x30,50,7.4875,81.8788,66.6667,100.0000,81.8182,6.6360,nao,minmax11,leakyrelu,rmsprop,0.010,200
mlp2h,30x30,50,8.8603,75.0303,45.4545,96.9697,75.7576,10.9612,nao,minmax11,leakyrelu,rmsprop,0.010,200
mlp1h,30x30,50,7.4902,78.8485,45.4545,100.0000,78.7879,9.8620,nao,minmax11,leakyrelu,rmsprop,0.050,200
mlp2h,30x30,50,8.9516,67.2727,27.2727,87.8788,66.6667,13.2300,nao,minmax11,leakyrelu,rmsprop,0.050,200
mlp1h,30x30,50,10.8695,86.4848,75.7576,100.0000,87.8788,6.3979,nao,minmax11,leakyrelu,nesterov,0.010,200
mlp2h,30x30,50,13.6013,80.8485,21.2121,93.9394,81.8182,10.7520,nao,minmax11,leakyrelu,nesterov,0.010,200
mlp1h,30x30,50,11.1137,86.1212,69.6970,96.9697,84.8485,5.1619,nao,minmax11,leakyrelu,nesterov,0.050,200
mlp2h,30x30,50,13.5317,65.1515,3.0303,90.9091,75.7576,25.3626,nao,minmax11,leakyrelu,nesterov,0.050,200
linearMQ,30x30,50,1.0929,95.4545,84.8485,100.0000,96.9697,3.3672,nao,minmax01,na,na,NaN,200
pslog,30x30,50,3.2184,75.7576,54.5455,90.9091,75.7576,8.0524,nao,minmax01,na,gd,0.010,200
pslog,30x30,50,3.1867,89.6364,78.7879,100.0000,90.9091,5.4789,nao,minmax01,na,gd,0.050,200
pslog,30x30,50,3.6108,91.1515,81.8182,100.0000,90.9091,4.6156,nao,minmax01,na,momentum,0.010,200
pslog,30x30,50,3.5751,91.4545,75.7576,100.0000,90.9091,5.2196,nao,minmax01,na,momentum,0.050,200
pslog,30x30,50,4.7756,92.5455,27.2727,100.0000,93.9394,10.5544,nao,minmax01,na,rmsprop,0.010,200
pslog,30x30,50,4.7806,89.3939,18.1818,100.0000,92.4242,14.5038,nao,minmax01,na,rmsprop,0.050,200
pslog,30x30,50,6.4722,89.8182,78.7879,100.0000,90.9091,5.1134,nao,minmax01,na,nesterov,0.010,200
pslog,30x30,50,6.5381,92.0000,75.7576,100.0000,93.9394,5.3287,nao,minmax01,na,nesterov,0.050,200
mlp1h,30x30,50,4.9148,15.1515,0.0000,33.3333,15.1515,7.2954,nao,minmax01,sigmoid,gd,0.010,200
mlp2h,30x30,50,6.0745,5.1515,0.0000,18.1818,3.0303,4.0725,nao,minmax01,sigmoid,gd,0.010,200
mlp1h,30x30,50,4.8482,38.7273,18.1818,66.6667,39.3939,11.6206,nao,minmax01,sigmoid,gd,0.050,200
mlp2h,30x30,50,6.0021,4.6667,0.0000,15.1515,3.0303,4.0243,nao,minmax01,sigmoid,gd,0.050,200
mlp1h,30x30,50,5.5920,56.6061,36.3636,78.7879,57.5758,11.8624,nao,minmax01,sigmoid,momentum,0.010,200
mlp2h,30x30,50,6.7423,7.5758,0.0000,30.3030,6.0606,6.3106,nao,minmax01,sigmoid,momentum,0.010,200
mlp1h,30x30,50,5.5296,91.2727,81.8182,100.0000,90.9091,5.3944,nao,minmax01,sigmoid,momentum,0.050,200
mlp2h,30x30,50,6.7618,38.9091,24.2424,69.6970,36.3636,10.8891,nao,minmax01,sigmoid,momentum,0.050,200
mlp1h,30x30,50,7.3772,54.1212,18.1818,84.8485,54.5455,17.5739,nao,minmax01,sigmoid,rmsprop,0.010,200
mlp2h,30x30,50,8.6982,24.8485,0.0000,57.5758,24.2424,14.4617,nao,minmax01,sigmoid,rmsprop,0.010,200
mlp1h,30x30,50,7.1957,3.5758,0.0000,12.1212,3.0303,3.6058,nao,minmax01,sigmoid,rmsprop,0.050,200
mlp2h,30x30,50,8.7018,1.9394,0.0000,12.1212,0.0000,2.8558,nao,minmax01,sigmoid,rmsprop,0.050,200
mlp1h,30x30,50,10.4184,60.5455,33.3333,81.8182,60.6061,11.4287,nao,minmax01,sigmoid,nesterov,0.010,200
mlp2h,30x30,50,13.1551,8.4242,0.0000,21.2121,9.0909,5.8814,nao,minmax01,sigmoid,nesterov,0.010,200
mlp1h,30x30,50,10.2269,91.8788,78.7879,100.0000,92.4242,4.2167,nao,minmax01,sigmoid,nesterov,0.050,200
mlp2h,30x30,50,12.7964,39.3333,15.1515,63.6364,39.3939,10.7179,nao,minmax01,sigmoid,nesterov,0.050,200
mlp1h,30x30,50,5.2160,68.0606,48.4848,93.9394,66.6667,9.7803,nao,minmax01,tanh,gd,0.010,200
mlp2h,30x30,50,7.2348,54.9091,33.3333,78.7879,54.5455,9.3579,nao,minmax01,tanh,gd,0.010,200
mlp1h,30x30,50,5.5206,88.0000,75.7576,96.9697,87.8788,5.8067,nao,minmax01,tanh,gd,0.050,200
mlp2h,30x30,50,6.6425,66.4242,33.3333,93.9394,66.6667,11.9003,nao,minmax01,tanh,gd,0.050,200
mlp1h,30x30,50,6.0486,93.0303,75.7576,100.0000,93.9394,5.0205,nao,minmax01,tanh,momentum,0.010,200
mlp2h,30x30,50,7.3200,90.1818,75.7576,100.0000,90.9091,6.4373,nao,minmax01,tanh,momentum,0.010,200
mlp1h,30x30,50,5.9253,92.4242,84.8485,100.0000,93.9394,4.3398,nao,minmax01,tanh,momentum,0.050,200
mlp2h,30x30,50,7.5334,92.3030,78.7879,100.0000,93.9394,4.7109,nao,minmax01,tanh,momentum,0.050,200
mlp1h,30x30,50,7.5793,12.4848,0.0000,63.6364,9.0909,13.8750,nao,minmax01,tanh,rmsprop,0.010,200
mlp2h,30x30,50,8.9413,10.6667,0.0000,57.5758,6.0606,11.2926,nao,minmax01,tanh,rmsprop,0.010,200
mlp1h,30x30,50,7.0297,1.9394,0.0000,9.0909,3.0303,2.0995,nao,minmax01,tanh,rmsprop,0.050,200
mlp2h,30x30,50,8.7664,2.7879,0.0000,12.1212,3.0303,3.1121,nao,minmax01,tanh,rmsprop,0.050,200
mlp1h,30x30,50,11.0519,93.2121,75.7576,100.0000,93.9394,5.0692,nao,minmax01,tanh,nesterov,0.010,200
mlp2h,30x30,50,14.4815,91.5152,75.7576,100.0000,93.9394,6.1221,nao,minmax01,tanh,nesterov,0.010,200
mlp1h,30x30,50,11.0668,93.0909,81.8182,100.0000,93.9394,4.4587,nao,minmax01,tanh,nesterov,0.050,200
mlp2h,30x30,50,13.7171,53.3333,0.0000,100.0000,71.2121,39.1003,nao,minmax01,tanh,nesterov,0.050,200
mlp1h,30x30,50,4.6314,46.2424,18.1818,72.7273,45.4545,12.7953,nao,minmax01,relu,gd,0.010,200
mlp2h,30x30,50,5.8102,25.1515,6.0606,45.4545,24.2424,10.1386,nao,minmax01,relu,gd,0.010,200
mlp1h,30x30,50,4.6194,80.0000,42.4242,96.9697,80.3030,9.3250,nao,minmax01,relu,gd,0.050,200
mlp2h,30x30,50,5.7613,37.9394,3.0303,81.8182,39.3939,17.9978,nao,minmax01,relu,gd,0.050,200
mlp1h,30x30,50,5.3540,83.4545,21.2121,96.9697,86.3636,12.0780,nao,minmax01,relu,momentum,0.010,200
mlp2h,30x30,50,6.3102,72.1212,30.3030,93.9394,75.7576,16.9662,nao,minmax01,relu,momentum,0.010,200
mlp1h,30x30,50,5.2341,84.8485,36.3636,96.9697,86.3636,9.6217,nao,minmax01,relu,momentum,0.050,200
mlp2h,30x30,50,6.3665,18.2424,0.0000,87.8788,4.5455,27.7967,nao,minmax01,relu,momentum,0.050,200
mlp1h,30x30,50,6.9487,5.0909,0.0000,75.7576,3.0303,11.9411,nao,minmax01,relu,rmsprop,0.010,200
mlp2h,30x30,50,8.0705,11.0303,0.0000,57.5758,4.5455,14.8802,nao,minmax01,relu,rmsprop,0.010,200
mlp1h,30x30,50,6.9205,1.0303,0.0000,3.0303,0.0000,1.4501,nao,minmax01,relu,rmsprop,0.050,200
mlp2h,30x30,50,8.3884,0.6667,0.0000,3.0303,0.0000,1.2680,nao,minmax01,relu,rmsprop,0.050,200
mlp1h,30x30,50,9.6021,86.8485,66.6667,100.0000,86.3636,7.2596,nao,minmax01,relu,nesterov,0.010,200
mlp2h,30x30,50,12.0977,78.8485,36.3636,96.9697,80.3030,14.5456,nao,minmax01,relu,nesterov,0.010,200
mlp1h,30x30,50,9.6078,31.6970,0.0000,93.9394,21.2121,32.7646,nao,minmax01,relu,nesterov,0.050,200
mlp2h,30x30,50,12.2425,5.9394,0.0000,45.4545,3.0303,9.2028,nao,minmax01,relu,nesterov,0.050,200
mlp1h,30x30,50,5.0641,46.7879,18.1818,75.7576,46.9697,14.0431,nao,minmax01,leakyrelu,gd,0.010,200
mlp2h,30x30,50,6.1179,28.2424,6.0606,66.6667,28.7879,10.6645,nao,minmax01,leakyrelu,gd,0.010,200
mlp1h,30x30,50,5.0391,81.3939,42.4242,93.9394,81.8182,8.0293,nao,minmax01,leakyrelu,gd,0.050,200
mlp2h,30x30,50,6.1052,39.5758,9.0909,66.6667,39.3939,15.4201,nao,minmax01,leakyrelu,gd,0.050,200
mlp1h,30x30,50,5.7572,87.3939,63.6364,100.0000,87.8788,7.2272,nao,minmax01,leakyrelu,momentum,0.010,200
mlp2h,30x30,50,6.8163,72.6667,12.1212,96.9697,78.7879,18.2075,nao,minmax01,leakyrelu,momentum,0.010,200
mlp1h,30x30,50,5.7430,87.5758,69.6970,100.0000,87.8788,7.7741,nao,minmax01,leakyrelu,momentum,0.050,200
mlp2h,30x30,50,7.1379,23.6970,0.0000,93.9394,13.6364,26.8586,nao,minmax01,leakyrelu,momentum,0.050,200
mlp1h,30x30,50,7.4760,70.0606,30.3030,96.9697,74.2424,16.6500,nao,minmax01,leakyrelu,rmsprop,0.010,200
mlp2h,30x30,50,9.5652,30.6667,3.0303,81.8182,24.2424,18.1884,nao,minmax01,leakyrelu,rmsprop,0.010,200
mlp1h,30x30,50,7.8194,56.7879,9.0909,84.8485,60.6061,19.9868,nao,minmax01,leakyrelu,rmsprop,0.050,200
mlp2h,30x30,50,9.2090,17.4545,0.0000,39.3939,15.1515,10.1073,nao,minmax01,leakyrelu,rmsprop,0.050,200
mlp1h,30x30,50,10.4812,88.9091,75.7576,100.0000,90.9091,6.1102,nao,minmax01,leakyrelu,nesterov,0.010,200
mlp2h,30x30,50,13.2956,79.0909,6.0606,93.9394,84.8485,16.2121,nao,minmax01,leakyrelu,nesterov,0.010,200
mlp1h,30x30,50,10.4947,54.1212,0.0000,96.9697,54.5455,30.6841,nao,minmax01,leakyrelu,nesterov,0.050,200
mlp2h,30x30,50,13.2705,12.4242,0.0000,51.5152,9.0909,11.2095,nao,minmax01,leakyrelu,nesterov,0.050,200
linearMQ,30x30,50,1.0213,96.3636,87.8788,100.0000,96.9697,3.2969,nao,none,na,na,NaN,200
pslog,30x30,50,3.1205,75.3939,60.6061,90.9091,75.7576,7.9267,nao,none,na,gd,0.010,200
pslog,30x30,50,3.0973,89.0303,75.7576,100.0000,90.9091,5.3333,nao,none,na,gd,0.050,200
pslog,30x30,50,3.5352,91.5152,69.6970,100.0000,90.9091,5.5099,nao,none,na,momentum,0.010,200
pslog,30x30,50,3.5461,91.2121,75.7576,100.0000,90.9091,4.9453,nao,none,na,momentum,0.050,200
pslog,30x30,50,5.0924,92.1818,45.4545,100.0000,93.9394,8.5730,nao,none,na,rmsprop,0.010,200
pslog,30x30,50,4.7091,87.1515,36.3636,100.0000,90.9091,13.3788,nao,none,na,rmsprop,0.050,200
pslog,30x30,50,6.5941,90.4242,75.7576,100.0000,90.9091,5.4539,nao,none,na,nesterov,0.010,200
pslog,30x30,50,6.7550,90.1818,78.7879,96.9697,90.9091,4.1323,nao,none,na,nesterov,0.050,200
mlp1h,30x30,50,5.0359,13.6364,0.0000,30.3030,12.1212,6.1906,nao,none,sigmoid,gd,0.010,200
mlp2h,30x30,50,6.2621,6.0606,0.0000,18.1818,6.0606,4.0146,nao,none,sigmoid,gd,0.010,200
mlp1h,30x30,50,5.0301,43.5758,27.2727,69.6970,42.4242,9.4227,nao,none,sigmoid,gd,0.050,200
mlp2h,30x30,50,6.3978,5.3333,0.0000,15.1515,3.0303,4.7248,nao,none,sigmoid,gd,0.050,200
mlp1h,30x30,50,5.6458,56.0606,27.2727,75.7576,57.5758,11.8436,nao,none,sigmoid,momentum,0.010,200
mlp2h,30x30,50,6.8275,8.1212,0.0000,21.2121,7.5758,4.6801,nao,none,sigmoid,momentum,0.010,200
mlp1h,30x30,50,5.6665,88.8485,72.7273,100.0000,90.9091,6.2865,nao,none,sigmoid,momentum,0.050,200
mlp2h,30x30,50,6.8468,33.6364,15.1515,54.5455,33.3333,9.8002,nao,none,sigmoid,momentum,0.050,200
mlp1h,30x30,50,7.2418,33.0909,6.0606,75.7576,30.3030,17.0415,nao,none,sigmoid,rmsprop,0.010,200
mlp2h,30x30,50,8.7312,18.3636,0.0000,51.5152,18.1818,14.0464,nao,none,sigmoid,rmsprop,0.010,200
mlp1h,30x30,50,7.2460,2.0606,0.0000,12.1212,3.0303,2.3264,nao,none,sigmoid,rmsprop,0.050,200
mlp2h,30x30,50,8.4269,1.2121,0.0000,6.0606,0.0000,1.8366,nao,none,sigmoid,rmsprop,0.050,200
mlp1h,30x30,50,10.3289,56.1212,21.2121,78.7879,56.0606,13.4442,nao,none,sigmoid,nesterov,0.010,200
mlp2h,30x30,50,12.6971,6.4848,0.0000,18.1818,6.0606,4.7426,nao,none,sigmoid,nesterov,0.010,200
mlp1h,30x30,50,10.1498,90.0000,72.7273,100.0000,90.9091,5.7185,nao,none,sigmoid,nesterov,0.050,200
mlp2h,30x30,50,12.7178,36.8485,15.1515,57.5758,36.3636,10.6279,nao,none,sigmoid,nesterov,0.050,200
mlp1h,30x30,50,5.2245,64.1212,48.4848,84.8485,63.6364,9.0052,nao,none,tanh,gd,0.010,200
mlp2h,30x30,50,6.4906,50.7879,9.0909,84.8485,51.5152,12.0679,nao,none,tanh,gd,0.010,200
mlp1h,30x30,50,5.3707,88.0606,75.7576,100.0000,87.8788,5.8212,nao,none,tanh,gd,0.050,200
mlp2h,30x30,50,6.6778,60.3030,33.3333,84.8485,60.6061,10.6435,nao,none,tanh,gd,0.050,200
mlp1h,30x30,50,6.0170,93.0909,72.7273,100.0000,93.9394,5.3386,nao,none,tanh,momentum,0.010,200
mlp2h,30x30,50,7.6786,90.1818,72.7273,100.0000,90.9091,5.9533,nao,none,tanh,momentum,0.010,200
mlp1h,30x30,50,6.0714,92.1212,78.7879,100.0000,93.9394,4.3721,nao,none,tanh,momentum,0.050,200
mlp2h,30x30,50,7.6162,92.1212,78.7879,100.0000,93.9394,5.2665,nao,none,tanh,momentum,0.050,200
mlp1h,30x30,50,7.7905,7.0303,0.0000,39.3939,6.0606,7.2033,nao,none,tanh,rmsprop,0.010,200
mlp2h,30x30,50,10.0183,6.0606,0.0000,27.2727,6.0606,6.5367,nao,none,tanh,rmsprop,0.010,200
mlp1h,30x30,50,7.2950,1.6364,0.0000,6.0606,3.0303,1.6439,nao,none,tanh,rmsprop,0.050,200
mlp2h,30x30,50,8.6210,2.9091,0.0000,9.0909,3.0303,2.2040,nao,none,tanh,rmsprop,0.050,200
mlp1h,30x30,50,11.7278,91.0909,75.7576,100.0000,90.9091,5.4556,nao,none,tanh,nesterov,0.010,200
mlp2h,30x30,50,14.4761,91.0303,78.7879,100.0000,90.9091,5.0097,nao,none,tanh,nesterov,0.010,200
mlp1h,30x30,50,11.2797,91.5152,0.0000,100.0000,93.9394,13.9203,nao,none,tanh,nesterov,0.050,200
mlp2h,30x30,50,13.9640,53.0303,0.0000,100.0000,51.5152,36.6115,nao,none,tanh,nesterov,0.050,200
mlp1h,30x30,50,4.6097,43.6970,12.1212,72.7273,42.4242,13.0027,nao,none,relu,gd,0.010,200
mlp2h,30x30,50,5.7391,27.0303,9.0909,51.5152,24.2424,10.0939,nao,none,relu,gd,0.010,200
mlp1h,30x30,50,4.6643,73.2121,33.3333,93.9394,75.7576,13.7763,nao,none,relu,gd,0.050,200
mlp2h,30x30,50,6.3294,33.7576,9.0909,69.6970,33.3333,15.4517,nao,none,relu,gd,0.050,200
mlp1h,30x30,50,5.2655,84.7273,18.1818,96.9697,87.8788,13.5514,nao,none,relu,momentum,0.010,200
mlp2h,30x30,50,6.4039,74.4242,15.1515,100.0000,80.3030,18.0178,nao,none,relu,momentum,0.010,200
mlp1h,30x30,50,5.3756,78.6667,3.0303,96.9697,84.8485,22.5271,nao,none,relu,momentum,0.050,200
mlp2h,30x30,50,6.5315,5.8182,0.0000,48.4848,3.0303,8.9316,nao,none,relu,momentum,0.050,200
mlp1h,30x30,50,7.1985,3.0303,0.0000,24.2424,0.0000,4.7815,nao,none,relu,rmsprop,0.010,200
mlp2h,30x30,50,8.2802,10.3636,0.0000,54.5455,3.0303,13.1461,nao,none,relu,rmsprop,0.010,200
mlp1h,30x30,50,6.8275,0.7879,0.0000,3.0303,0.0000,1.3427,nao,none,relu,rmsprop,0.050,200
mlp2h,30x30,50,8.3122,0.9091,0.0000,6.0606,0.0000,1.5305,nao,none,relu,rmsprop,0.050,200
mlp1h,30x30,50,9.7600,88.8485,69.6970,100.0000,90.9091,6.3458,nao,none,relu,nesterov,0.010,200
mlp2h,30x30,50,12.1059,76.1818,15.1515,93.9394,81.8182,18.4276,nao,none,relu,nesterov,0.010,200
mlp1h,30x30,50,9.7378,22.2424,0.0000,93.9394,9.0909,28.3119,nao,none,relu,nesterov,0.050,200
mlp2h,30x30,50,12.3574,3.5758,0.0000,27.2727,1.5152,5.5671,nao,none,relu,nesterov,0.050,200
mlp1h,30x30,50,5.1355,44.4242,18.1818,75.7576,42.4242,15.2023,nao,none,leakyrelu,gd,0.010,200
mlp2h,30x30,50,6.0777,27.8788,9.0909,60.6061,27.2727,10.3896,nao,none,leakyrelu,gd,0.010,200
mlp1h,30x30,50,4.9956,75.6970,45.4545,93.9394,77.2727,11.9576,nao,none,leakyrelu,gd,0.050,200
mlp2h,30x30,50,6.4249,36.2424,6.0606,72.7273,31.8182,16.0927,nao,none,leakyrelu,gd,0.050,200
mlp1h,30x30,50,5.9309,87.8788,72.7273,100.0000,90.9091,7.5230,nao,none,leakyrelu,momentum,0.010,200
mlp2h,30x30,50,7.3331,71.0909,6.0606,96.9697,78.7879,21.7246,nao,none,leakyrelu,momentum,0.010,200
mlp1h,30x30,50,7.6552,86.0000,66.6667,100.0000,87.8788,7.7170,nao,none,leakyrelu,momentum,0.050,200
mlp2h,30x30,50,8.1470,22.8485,0.0000,87.8788,12.1212,24.6427,nao,none,leakyrelu,momentum,0.050,200
mlp1h,30x30,50,8.5636,65.8788,27.2727,93.9394,72.7273,18.9174,nao,none,leakyrelu,rmsprop,0.010,200
mlp2h,30x30,50,10.2705,33.6364,3.0303,78.7879,28.7879,20.7092,nao,none,leakyrelu,rmsprop,0.010,200
mlp1h,30x30,50,8.3768,57.8182,15.1515,87.8788,63.6364,19.1050,nao,none,leakyrelu,rmsprop,0.050,200
mlp2h,30x30,50,10.3240,15.8182,0.0000,39.3939,13.6364,10.1208,nao,none,leakyrelu,rmsprop,0.050,200
mlp1h,30x30,50,11.8120,88.0000,66.6667,96.9697,87.8788,6.6492,nao,none,leakyrelu,nesterov,0.010,200
mlp2h,30x30,50,15.2683,74.6061,6.0606,93.9394,81.8182,19.3685,nao,none,leakyrelu,nesterov,0.010,200
mlp1h,30x30,50,12.0884,44.9697,3.0303,93.9394,46.9697,26.9051,nao,none,leakyrelu,nesterov,0.050,200
mlp2h,30x30,50,14.8338,8.5455,0.0000,30.3030,6.0606,8.1838,nao,none,leakyrelu,nesterov,0.050,200
